Data,Descrizione,Fonte,Denominazione,Ente,Documento,Note
5/10/05,"Area Programmazione, Governance e Marketing territoriale - AREA PROGRAMMAZIONE, GOVERNANCE E MARKETING TERRITORIALE - centro Ricerche ed Alta Formazione S.r.l.: Costituzione della Società Centro Ricerche ed Alta Formazione S.r.l. - Approvazione di piano economico finanziario, atto costitutivo e statuto",http://www3.provincia.prato.it/w2d3/internet/cache/provprato/internet2/index.html?fldid=63&dbfldid=188&numero=&tipo=&anno=2005&oggetto=,Indice atti,Provincia di Prato,https://archive.org/details/dcp2005_64/,Creazione del Creaf
24/7/06,"[Area Programmazione, Governance e Marketing territoriale] - Centro ricerche ed Alta Formazione, C.R.e.A.F. S.r.l - Anticipazione Finanziaria - Indirizzi. ",http://www3.provincia.prato.it/w2d3/internet/cache/provprato/internet2/index.html?fldid=63&dbfldid=188&numero=&tipo=&anno=2006&oggetto=,Indice atti,Provincia di Prato,https://archive.org/details/Dgp20061531/,Anticipazione finanziaria
26/2/07,"Patti per lo sviluppo locale (PASL) ex art. 12bis della L.R. 49/99 ""Norme in materia di programmazione regionale"". Approvazione dei patti ai fini della sottoscrizione con le Amministrazioni Provinciali toscane e il Circondario Empolese Valdelsa.Delibera n. 149 del 26/02/2007 - Allegato: 4-PASL PRATO:... II lotto Centro per la ricerca e l'Alta formazione (Provincia di Prato) Provincia di Prato, Comuni del territorio, CREAF Srl Sviluppo del trasferimento ...                  Tipo pubblicazione: Atto soggetto a pubblicazione integrale      ",http://www.regione.toscana.it/bancadati/atti/DettaglioAttiG.xml?codprat=2007DG00000000208,Atti della Giunta Regionale,Regione Toscana,,
21/12/07,"[Direzione Generale] - Centro ricerche ed Alta Formazione, CReAF SRL - Anticipazione Finanziaria – Indirizzi. ",http://www3.provincia.prato.it/w2d3/internet/cache/provprato/internet2/index.html?fldid=63&dbfldid=188&numero=&tipo=&anno=2007&oggetto=,Indice atti,Provincia di Prato,https://archive.org/details/Dgp20072602/,Anticipazione finanziaria
3/3/08,"[Area Programmazione, Governance e Marketing territoriale] - Centro ricerche e alta formazione CREAF srl - Integrazione anticipazione Finanziaria – Indirizzi.",http://www3.provincia.prato.it/w2d3/internet/cache/provprato/internet2/index.html?fldid=63&dbfldid=188&numero=&tipo=&anno=2008&oggetto=,Indice atti,Provincia di Prato,https://archive.org/details/Dgp20080535/,Integrazione Anticipazione Finanziaria
29/10/08,Area Servizi Istituzionali - INTERROGAZIONE presentata dal Capogruppo di Forza Italia verso il PDL Riccardo Bini sui lavori relativi all’immobile di proprietà della Società CREAF.,http://www3.provincia.prato.it/w2d3/internet/cache/provprato/internet2/index.html?fldid=63&dbfldid=188&numero=&tipo=&anno=2008&oggetto=,Indice atti,Provincia di Prato,https://archive.org/details/dcp68_2008c,
29/12/08,"Patti per lo sviluppo locale (PASL) ex art. 12bis della L.R. 49/99 ""Norme in materia di programmazione regionale"". Approvazione dei patti ai fini della sottoscrizione con le Amministrazioni Provinciali toscane e il Circondario Empolese Valdelsa.Delibera n. 149 del 26/02/2007 - Allegato: 4-PASL PRATO:... II lotto Centro per la ricerca e l'Alta formazione (Provincia di Prato) Provincia di Prato, Comuni del territorio, CREAF Srl Sviluppo del trasferimento ...                  Tipo pubblicazione: Atto soggetto a pubblicazione integrale      ",http://www.regione.toscana.it/bancadati/atti/DettaglioAttiG.xml?codprat=2008DG00000001580,Atti della Giunta Regionale,Regione Toscana,,
6/2/09,Il consiglio definisce gli indirizzi per gli enti partecipati,http://comunicati.comune.prato.it/generali/?action=dettaglio&comunicato=14200900000105,Comunicati Stampa,Comune di Prato,,
13/2/09,"Comune e Partecipate,  dove sarà mantenuta la partecipazione",http://comunicati.comune.prato.it/generali/?action=dettaglio&comunicato=14200900000131,Comunicati Stampa,Comune di Prato,,
9/3/09,"Patti per lo sviluppo locale (PASL) ex art. 12bis della L.R. 49/99 ""Norme in materia di programmazione regionale"". Approvazione dei patti ai fini della sottoscrizione con le Amministrazioni Provinciali toscane e il Circondario Empolese Valdelsa.Delibera n. 149 del 26/02/2007 - Allegato: 4-PASL PRATO:... II lotto Centro per la ricerca e l'Alta formazione (Provincia di Prato) Provincia di Prato, Comuni del territorio, CREAF Srl Sviluppo del trasferimento ...                  Tipo pubblicazione: Atto soggetto a pubblicazione integrale      ",http://www.regione.toscana.it/bancadati/atti/DettaglioAttiG.xml?codprat=2009DG00000000211,Atti della Giunta Regionale,Regione Toscana,,
17/3/09,"Ai nastri di partenza l'operazione ex Banci, ma non solo",http://comunicati.comune.prato.it/generali/?action=dettaglio&comunicato=14200900000239,Comunicati Stampa,Comune di Prato,,
22/4/09,Via libera all'unanimità a due nuovi impianti sportivi,http://comunicati.comune.prato.it/generali/?action=dettaglio&comunicato=14200900000382,Comunicati Stampa,Comune di Prato,,
25/5/09,"Patti per lo sviluppo locale (PASL) ex art. 12bis della L.R. 49/99 ""Norme in materia di programmazione regionale"". Approvazione dei patti ai fini della sottoscrizione con le Amministrazioni Provinciali toscane e il Circondario Empolese Valdelsa.Delibera n. 149 del 26/02/2007 - Allegato: 4-PASL PRATO:... II lotto Centro per la ricerca e l'Alta formazione (Provincia di Prato) Provincia di Prato, Comuni del territorio, CREAF Srl Sviluppo del trasferimento ...                  Tipo pubblicazione: Atto soggetto a pubblicazione integrale      ",http://www.regione.toscana.it/bancadati/atti/DettaglioAttiG.xml?codprat=2009DG00000000567,Atti della Giunta Regionale,Regione Toscana,,
14/7/09,Il sindaco conferisce le deleghe agli assessori,http://comunicati.comune.prato.it/generali/?action=dettaglio&comunicato=14200900000557,Comunicati Stampa,Comune di Prato,,
27/7/09,"Patti per lo sviluppo locale (PASL) ex art. 12bis della L.R. 49/99 ""Norme in materia di programmazione regionale"". Approvazione dei patti ai fini della sottoscrizione con le Amministrazioni Provinciali toscane e il Circondario Empolese Valdelsa.Delibera n. 149 del 26/02/2007 - Allegato: 4-PASL PRATO:... II lotto Centro per la ricerca e l'Alta formazione (Provincia di Prato) Provincia di Prato, Comuni del territorio, CREAF Srl Sviluppo del trasferimento ...                  Tipo pubblicazione: Atto soggetto a pubblicazione integrale      ",http://www.regione.toscana.it/bancadati/atti/DettaglioAttiG.xml?codprat=2009DG00000000877,Atti della Giunta Regionale,Regione Toscana,,
1/3/10,"Patti per lo sviluppo locale (PASL) ex art. 12bis della L.R. 49/99 ""Norme in materia di programmazione regionale"". Approvazione dei patti ai fini della sottoscrizione con le Amministrazioni Provinciali toscane e il Circondario Empolese Valdelsa.Delibera n. 149 del 26/02/2007 - Allegato: 4-PASL PRATO:... II lotto Centro per la ricerca e l'Alta formazione (Provincia di Prato) Provincia di Prato, Comuni del territorio, CREAF Srl Sviluppo del trasferimento ...                  Tipo pubblicazione: Atto soggetto a pubblicazione integrale      ",http://www.regione.toscana.it/bancadati/atti/DettaglioAttiG.xml?codprat=2010DG00000000269,Atti della Giunta Regionale,Regione Toscana,,
18/05/11,"Ordine del Giorno presentato dai Consiglieri Attucci, Bonacchi, Cocci, Conte, Luchetti, Mugnaioni, Toccafondi del Gruppo Consiliare PDL (Popolo della LibertÃ ) e dal Consigliere Santini del Gruppo Consiliare Lega Nord in merito al futuro del CREAF",https://albopretorio.provincia.prato.it/visualizza-dettagli.php?id_albo=201102102,Albo Pretorio,Provincia di Prato,https://archive.org/details/1307452188201105182710,
4/10/11,Centro Ricerche ed Alta Formazione Creaf srl Anticipazione finanziaria Accertamento interessi attivi su anticipazione e penali al 30/09/2011,https://albopretorio.provincia.prato.it/visualizza-dettagli.php?id_albo=201104549,Albo Pretorio,Provincia di Prato,https://archive.org/details/2011100432153Principale/,
11/11/11,"Centro di Ricerca fra Toscana e Cina con sede a Prato, nessun coinvolgimento del sindaco Roberto Cenni",http://comunicati.comune.prato.it/generali/?action=dettaglio&comunicato=14201100001627,Comunicati Stampa,Comune di Prato,,
6/12/11,Creaf srl Anticipazione finanziaria Accertamento interessi attivi su anticipazione e penali al 31/12/2011,https://albopretorio.provincia.prato.it/visualizza-dettagli.php?id_albo=201105708,Albo Pretorio,Provincia di Prato,https://archive.org/details/2011120642933Principale/,
27/12/11,"Patti per lo sviluppo locale (PASL) ex art. 12bis della L.R. 49/99 ""Norme in materia di programmazione regionale"". Approvazione dei patti ai fini della sottoscrizione con le Amministrazioni Provinciali toscane e il Circondario Empolese Valdelsa.Delibera n. 149 del 26/02/2007 - Allegato: 4-PASL PRATO:... II lotto Centro per la ricerca e l'Alta formazione (Provincia di Prato) Provincia di Prato, Comuni del territorio, CREAF Srl Sviluppo del trasferimento ...                  Tipo pubblicazione: Atto soggetto a pubblicazione integrale      ",http://www.regione.toscana.it/bancadati/atti/DettaglioAttiG.xml?codprat=2011DG00000001644,Atti della Giunta Regionale,Regione Toscana,,
27/2/12,"Patti per lo sviluppo locale (PASL) ex art. 12bis della L.R. 49/99 ""Norme in materia di programmazione regionale"". Approvazione dei patti ai fini della sottoscrizione con le Amministrazioni Provinciali toscane e il Circondario Empolese Valdelsa.Delibera n. 149 del 26/02/2007 - Allegato: 4-PASL PRATO:... II lotto Centro per la ricerca e l'Alta formazione (Provincia di Prato) Provincia di Prato, Comuni del territorio, CREAF Srl Sviluppo del trasferimento ...                  Tipo pubblicazione: Atto soggetto a pubblicazione integrale      ",http://www.regione.toscana.it/bancadati/atti/DettaglioAttiG.xml?codprat=2012DG00000000206,Atti della Giunta Regionale,Regione Toscana,,
13/03/12,Centro Ricerca ed Alta Formazione Creaf srl Anticipazione finanziaria - Accertamento interessi attivi su anticipazione e penali al 31/03/2012,https://albopretorio.provincia.prato.it/visualizza-dettagli.php?id_albo=201201133,Albo Pretorio,Provincia di Prato,https://archive.org/details/201203139193Principale/,
27/06/12,Centro Ricerche ed Alta Formazione Creaf srl Anticipazione finanziaria - Accertamento interessi attivi su anticipazione e penali al 30/06/2012,https://albopretorio.provincia.prato.it/visualizza-dettagli.php?id_albo=201202642,Albo Pretorio,Provincia di Prato,https://archive.org/details/2012062722383Principale/,
14/09/12,Centro Ricerche ed Alta Formazione Creaf srl anticipazione finanziaria accertamento interessi attivi su anticipazione e penali al 30/09/2012,https://albopretorio.provincia.prato.it/visualizza-dettagli.php?id_albo=201203586,Albo Pretorio,Provincia di Prato,https://archive.org/details/2012091430923Principale/,
3/12/12,Centro Ricerche ed Alta Formazione Creaf srl Anticipazione Finanziaria Accertamento interessi attivi su anticipazione e penali al 31/12/2012,https://albopretorio.provincia.prato.it/visualizza-dettagli.php?id_albo=201204785,Albo Pretorio,Provincia di Prato,https://archive.org/details/2012120342163Principale/,
17/12/12,"Patti per lo sviluppo locale (PASL) ex art. 12bis della L.R. 49/99 ""Norme in materia di programmazione regionale"". Approvazione dei patti ai fini della sottoscrizione con le Amministrazioni Provinciali toscane e il Circondario Empolese Valdelsa.Delibera n. 149 del 26/02/2007 - Allegato: 4-PASL PRATO:... II lotto Centro per la ricerca e l'Alta formazione (Provincia di Prato) Provincia di Prato, Comuni del territorio, CREAF Srl Sviluppo del trasferimento ...                  Tipo pubblicazione: Atto soggetto a pubblicazione integrale      ",http://www.regione.toscana.it/bancadati/atti/DettaglioAttiG.xml?codprat=2012DG00000001616,Atti della Giunta Regionale,Regione Toscana,,
17/12/12,Costituzione del centro di ricerca italo-cinese di cui alla DGR 1258/2011. Approvazione del progetto esecutivo e prenotazione di spesa.Delibera n. 1138 del 17/12/2012 - Allegato: A-progetto esecutivo:... I consorziati fondatori sono: • CREAF- quota pari al 50% ... Ltd • CREAF Il membri del Comitato Direttivo verranno nominati con durata di 4 anni. ...                  Tipo pubblicazione: Atto soggetto a pubblicazione integrale (PBURT/BD),http://www.regione.toscana.it/bancadati/atti/DettaglioAttiG.xml?codprat=2012DG00000001616,Atti della Giunta Regionale,Regione Toscana,,
22/01/13,Archivio e Protocollo â€“ Inventario beni mobili provinciali. Concessione di arredi a CReAF srl in comodato d'uso a titolo gratuito,https://albopretorio.provincia.prato.it/visualizza-dettagli.php?id_albo=201300163,Albo Pretorio,Provincia di Prato,https://archive.org/details/1358956676201301221520/,
13/03/13,Centro ricerche ed alta formazione Creaf srl Anticipazione finanziaria Accertamento interessi attivi su anticipazione e penali al 31/03/2013,https://albopretorio.provincia.prato.it/visualizza-dettagli.php?id_albo=201300922,Albo Pretorio,Provincia di Prato,https://archive.org/details/201303138033Principale/,
29/5/13,"""Serve chiarezza per uscire dalla crisi del settore tessile""",http://comunicati.comune.prato.it/generali/?action=dettaglio&comunicato=14201300000791,Comunicati Stampa,Comune di Prato,,
22/06/13,Società partecipate – anno 2013,https://trasparenza.provincia.prato.it/wp-content/uploads/2013/06/CREAF2013.pdf,Amministrazione Trasparente,Provincia di Prato,https://archive.org/details/CREAF2013.pdf,
24/06/13,Centro Ricerche ed Alta Formazione Creaf srl Anticipazione finanziaria Accertamento interessi attivi su anticipazione e penali al 30/06/2013,https://albopretorio.provincia.prato.it/visualizza-dettagli.php?id_albo=201302411,Albo Pretorio,Provincia di Prato,https://archive.org/details/2013062421513Principale/,
2/7/13,"""Senza reciprocità di rapporti import-export tra Cina e Italia saremo sempre svantaggiati""",http://comunicati.comune.prato.it/generali/?action=dettaglio&comunicato=14201300000977,Comunicati Stampa,Comune di Prato,,
8/7/13,Costituzione del centro di ricerca italo-cinese di cui alla DGR 1258/2011. Approvazione del progetto esecutivo e prenotazione di spesa.Delibera n. 1138 del 17/12/2012 - Allegato: A-progetto esecutivo:... I consorziati fondatori sono: • CREAF- quota pari al 50% ... Ltd • CREAF Il membri del Comitato Direttivo verranno nominati con durata di 4 anni. ...                  Tipo pubblicazione: Atto soggetto a pubblicazione integrale (PBURT/BD),http://www.regione.toscana.it/bancadati/atti/DettaglioAttiG.xml?codprat=2013DG00000000568,Atti della Giunta Regionale,Regione Toscana,,
09/09/13,Centro Ricerche ed Alta formazione Creaf srl Anticipazione finanziaria accertamento interessi attivi su anticipazione e penali al 30/9/2013,https://albopretorio.provincia.prato.it/visualizza-dettagli.php?id_albo=201303348,Albo Pretorio,Provincia di Prato,https://archive.org/details/2013090929763Principale/,
1/10/13,"""Commenti squilibrati sugli equilibri di bilancio""",http://comunicati.comune.prato.it/generali/?action=dettaglio&comunicato=14201300001407,Comunicati Stampa,Comune di Prato,,
14/11/13,Costituzione del centro di ricerca italo-cinese di cui alla DGR 1258/2011. Approvazione del progetto esecutivo e prenotazione di spesa.Delibera n. 1138 del 17/12/2012 - Allegato: A-progetto esecutivo:... I consorziati fondatori sono: • CREAF- quota pari al 50% ... Ltd • CREAF Il membri del Comitato Direttivo verranno nominati con durata di 4 anni. ...                  Tipo pubblicazione: Atto soggetto a pubblicazione integrale (PBURT/BD),http://www.regione.toscana.it/bancadati/atti/DettaglioAttiG.xml?codprat=2013DG00000001232,Atti della Giunta Regionale,Regione Toscana,,
10/12/13,Centro Ricerche ed Alta Formazione Creaf srl Anticipazione finanziaria accertamento interessi attivi su anticipazione e penali al 31/12/2013,https://albopretorio.provincia.prato.it/visualizza-dettagli.php?id_albo=201304986,Albo Pretorio,Provincia di Prato,https://archive.org/details/2013121045043Principale,
16/12/13,Costituzione del centro di ricerca italo-cinese di cui alla DGR 1258/2011. Approvazione del progetto esecutivo e prenotazione di spesa.Delibera n. 1138 del 17/12/2012 - Allegato: A-progetto esecutivo:... I consorziati fondatori sono: • CREAF- quota pari al 50% ... Ltd • CREAF Il membri del Comitato Direttivo verranno nominati con durata di 4 anni. ...                  Tipo pubblicazione: Atto soggetto a pubblicazione integrale (PBURT/BD),http://www.regione.toscana.it/bancadati/atti/DettaglioAttiG.xml?codprat=2013DG00000001470,Atti della Giunta Regionale,Regione Toscana,,
13/1/14,"Centro Studi Arti Visive e Creaf, l'intervento del consigliere Federico Lorusso",http://comunicati.comune.prato.it/generali/?action=dettaglio&comunicato=14201400000052,Comunicati Stampa,Comune di Prato,,
29/1/14,"Baldi: ""Con Cenni senza se e senza ma""",http://comunicati.comune.prato.it/generali/?action=dettaglio&comunicato=14201400000129,Comunicati Stampa,Comune di Prato,,
17/2/14,«Dalla Regione attendiamo risposte chiare e la compensazione di insufficienze e criticità»,http://comunicati.comune.prato.it/generali/?action=dettaglio&comunicato=14201400000225,Comunicati Stampa,Comune di Prato,,
24/2/14,Costituzione del centro di ricerca italo-cinese di cui alla DGR 1258/2011. Approvazione del progetto esecutivo e prenotazione di spesa.Delibera n. 1138 del 17/12/2012 - Allegato: A-progetto esecutivo:... I consorziati fondatori sono: • CREAF- quota pari al 50% ... Ltd • CREAF Il membri del Comitato Direttivo verranno nominati con durata di 4 anni. ...                  Tipo pubblicazione: Atto soggetto a pubblicazione integrale (PBURT/BD),http://www.regione.toscana.it/bancadati/atti/DettaglioAttiG.xml?codprat=2014DG00000000125,Atti della Giunta Regionale,Regione Toscana,,
19/03/14,Centro Ricerche ed Alta Formazione Creaf srl Anticipazione finanziaria Accertamento interessi attivi su anticipazione e penali al 31/03/2014,https://albopretorio.provincia.prato.it/visualizza-dettagli.php?id_albo=201401026,Albo Pretorio,Provincia di Prato,https://archive.org/details/201403199563Principale,
5/5/14,Costituzione del centro di ricerca italo-cinese di cui alla DGR 1258/2011. Approvazione del progetto esecutivo e prenotazione di spesa.Delibera n. 1138 del 17/12/2012 - Allegato: A-progetto esecutivo:... I consorziati fondatori sono: • CREAF- quota pari al 50% ... Ltd • CREAF Il membri del Comitato Direttivo verranno nominati con durata di 4 anni. ...                  Tipo pubblicazione: Atto soggetto a pubblicazione integrale (PBURT/BD),http://www.regione.toscana.it/bancadati/atti/DettaglioAttiG.xml?codprat=2014DG00000000424,Atti della Giunta Regionale,Regione Toscana,,
03/06/14,Centro ricerche ed alta formazione creaf srl Anticipazione finanziaria accertamento interessi attivi su anticipazione e penali al 30/06/2014,https://albopretorio.provincia.prato.it/visualizza-dettagli.php?id_albo=201402008,Albo Pretorio,Provincia di Prato,https://archive.org/details/2014060318403Principale/,
10/6/14,Tutte le deleghe della giunta comunale,http://comunicati.comune.prato.it/generali/?action=dettaglio&comunicato=14201400000778,Comunicati Stampa,Comune di Prato,,
09/07/14,Direzione Generale: Contributo regionale per avvio PST: Accertamento e contestuale impegno di spesa a favore della societ partecipata CreAF srl.,https://albopretorio.provincia.prato.it/visualizza-dettagli.php?id_albo=201402548,Albo Pretorio,Provincia di Prato,https://archive.org/details/2014070923633Principale,
20/10/14,Centro Ricerche ed Alta Formazione Creaf srl Anticipazione Finanziaria Accertamento interessi attivi su anticipazione e penali al 30/09/2014,https://albopretorio.provincia.prato.it/visualizza-dettagli.php?id_albo=201403751,Albo Pretorio,Provincia di Prato,https://archive.org/details/2014102034403Principale/,
22/11/14,Società partecipate – anno 2014,https://trasparenza.provincia.prato.it/wp-content/uploads/2014/11/CREAF-SRL-2014.pdf,Amministrazione Trasparente,Provincia di Prato,https://archive.org/details/CREAF-SRL-2014.pdf,
25/11/14,Costituzione del centro di ricerca italo-cinese di cui alla DGR 1258/2011. Approvazione del progetto esecutivo e prenotazione di spesa.Delibera n. 1138 del 17/12/2012 - Allegato: A-progetto esecutivo:... I consorziati fondatori sono: • CREAF- quota pari al 50% ... Ltd • CREAF Il membri del Comitato Direttivo verranno nominati con durata di 4 anni. ...                  Tipo pubblicazione: Atto soggetto a pubblicazione integrale (PBURT/BD),http://www.regione.toscana.it/bancadati/atti/DettaglioAttiG.xml?codprat=2014DG00000001337,Atti della Giunta Regionale,Regione Toscana,,
9/12/14,Centro Ricerche ed Alta Formazione Creaf srl Anticipazione finanziaria Accertamento Interessi attivi su anticipazione e penali al 31/12/2014,https://albopretorio.provincia.prato.it/visualizza-dettagli.php?id_albo=201404438,Albo Pretorio,Provincia di Prato,https://archive.org/details/2014120940813Principale,
24/12/14,"Servizi di supporto per start-up, attrazione, innovazione e trasferimento   tecnologico rivolti alle imprese: affidamento in house alla societ CreAF srl. Approvazione schema di contratto e impegno di spesa.",https://albopretorio.provincia.prato.it/visualizza-dettagli.php?id_albo=201404837,Albo Pretorio,Provincia di Prato,https://archive.org/details/2014122444503Principale,
29/12/14,Direzione Generale: Societa\' partecipata CreAF srl. Cofinanziamento FIPRO. Impegno di spesa.,https://albopretorio.provincia.prato.it/visualizza-dettagli.php?id_albo=201404865,Albo Pretorio,Provincia di Prato,https://archive.org/details/2014122944753Principale,
18/02/15,Contratto di servizio con la societa partecipata CreAF srl. Liquidazione prima tranche.,https://albopretorio.provincia.prato.it/visualizza-dettagli.php?id_albo=201500540,Albo Pretorio,Provincia di Prato,https://archive.org/details/1243530157472,
18/02/15,Societa' partecipata CreAF srl Intervento 2010_PO_30_FIPRO2 Centro Ricerche. Nomina del Responsabile Unico del Procedimento,https://albopretorio.provincia.prato.it/visualizza-dettagli.php?id_albo=201500585,Albo Pretorio,Provincia di Prato,https://archive.org/details/14249627292015021825140,
20/03/15,Centro Ricerca ed Alta Formazione Creaf srl Anticipazione finanziaria Accertamento interessi attivi su anticipazione e penali al 31/03/20015,https://albopretorio.provincia.prato.it/visualizza-dettagli.php?id_albo=201500929,Albo Pretorio,Provincia di Prato,https://archive.org/details/1243530161488,
23/3/15,Asm Servizi e Consiag servizi si fondono in un'unica società: il Comune mette ordine nella galassia delle partecipate,http://comunicati.comune.prato.it/generali/?action=dettaglio&comunicato=14201500000446,Comunicati Stampa,Comune di Prato,,
4/5/15,Rapporto generale di monitoraggio strategico 2014. Approvazione.Decisione n. 6 del 04/05/2015 - Allegato: A - RAPPORTO DI MONITORAGGIO:... Azione 1.2.5.5 Svolgimento di un programma di attività concordato con Creaf srl nell'ambito del Centro di ricerca italo-cinese. ...                  Tipo pubblicazione: Atto soggetto a pubblicazione su Banca Dati (PBD),http://www.regione.toscana.it/bancadati/atti/DettaglioAttiG.xml?codprat=2015DG00000000649,Atti della Giunta Regionale,Regione Toscana,,
24/06/15,Centro Ricerche ed Alta Formazione Creaf srl Anticipazione Finanziaria Accertamento interessi attivi su anticipazione e penali al 30/06/2015,https://albopretorio.provincia.prato.it/visualizza-dettagli.php?id_albo=201502115,Albo Pretorio,Provincia di Prato,https://archive.org/details/1243530173455,
6/7/15,Semaforo verde per il Bilancio di previsione 2015,http://comunicati.comune.prato.it/generali/?action=dettaglio&comunicato=14201500000890,Comunicati Stampa,Comune di Prato,,
24/07/15,Contratto di servizio con la societa partecipata CreAF srl. Liquidazione acconto seconda tranche.,https://albopretorio.provincia.prato.it/visualizza-dettagli.php?id_albo=201502493,Albo Pretorio,Provincia di Prato,https://archive.org/download/CREAF/1243530177758.pdf,
28/7/15,Rapporto generale di monitoraggio strategico 2014. Approvazione.Decisione n. 6 del 04/05/2015 - Allegato: A - RAPPORTO DI MONITORAGGIO:... Azione 1.2.5.5 Svolgimento di un programma di attività concordato con Creaf srl nell'ambito del Centro di ricerca italo-cinese. ...                  Tipo pubblicazione: Atto soggetto a pubblicazione su Banca Dati (PBD),http://www.regione.toscana.it/bancadati/atti/DettaglioAttiG.xml?codprat=2015DG00000000955,Atti della Giunta Regionale,Regione Toscana,,
6/8/15,Il Pin cresce: la ricerca verso tre milioni di ricavi a fine 2015,http://comunicati.comune.prato.it/generali/?action=dettaglio&comunicato=14201500001051,Comunicati Stampa,Comune di Prato,,
1/9/15,Rapporto generale di monitoraggio strategico 2014. Approvazione.Decisione n. 6 del 04/05/2015 - Allegato: A - RAPPORTO DI MONITORAGGIO:... Azione 1.2.5.5 Svolgimento di un programma di attività concordato con Creaf srl nell'ambito del Centro di ricerca italo-cinese. ...                  Tipo pubblicazione: Atto soggetto a pubblicazione su Banca Dati (PBD),http://www.regione.toscana.it/bancadati/atti/DettaglioAttiG.xml?codprat=2015DG00000001037,Atti della Giunta Regionale,Regione Toscana,,
28/09/15,Centro ricerche ed Alta formazione creaf srl Anticipazione finanziaria Accertamento interessi attivi su anticipazione e penali al 30/09/2015,https://albopretorio.provincia.prato.it/visualizza-dettagli.php?id_albo=201502981,Albo Pretorio,Provincia di Prato,https://archive.org/download/CREAF/1243530182956.pdf,
27/10/15,Procedura di gara del Creaf srl avente ad oggetto l\'affidamento della concessione per la gestione unitaria dellimmobile e realizzazione di un parco scientifico e tecnologico (PST). Individuazione di due componenti esperti per la Commissione giudicatrice. Autorizzazione.,https://albopretorio.provincia.prato.it/visualizza-dettagli.php?id_albo=201503352,Albo Pretorio,Provincia di Prato,https://archive.org/download/CREAF/1243530186872.pdf,
4/12/15,Contratto di servizio con la societa' partecipata CreAF srl. Liquidazione saldo seconda terza tranche.,https://albopretorio.provincia.prato.it/visualizza-dettagli.php?id_albo=201503978,Albo Pretorio,Provincia di Prato,https://archive.org/details/1243530194741.pdf,
15/12/15,Centro Ricerche ed Alta Formazione Creaf srl Anticipazione Finanziaria Accertamento Interessi attivi su anticipazione e penali al 31/12/2015,https://albopretorio.provincia.prato.it/visualizza-dettagli.php?id_albo=201503936,Albo Pretorio,Provincia di Prato,https://archive.org/details/1243530193881.pdf,
22/02/16,Società partecipate – anno 2015,https://trasparenza.provincia.prato.it/wp-content/uploads/2016/02/CREAF-SRL_2015.pdf,Amministrazione Trasparente,Provincia di Prato,https://archive.org/details/CREAF-SRL_2015.pdf,
23/02/16,Contratto di servizio con la societ partecipata CreAF srl. Liquidazione  a saldo della prestazione.,https://albopretorio.provincia.prato.it/visualizza-dettagli.php?id_albo=201600498,Albo Pretorio,Provincia di Prato,https://archive.org/details/1243530201606.pdf,
22/03/16,"Ricorso al Tar Toscana CITEP/PROVINCIA DI PRATO, CREAF  Conferimento incarico difesa in giudizio Avv.  Mauro Giovannelli Studio legale Giovannelli e Associati",https://albopretorio.provincia.prato.it/visualizza-dettagli.php?id_albo=201600552,Albo Pretorio,Provincia di Prato,https://archive.org/details/1243530201957.pdf,
12/04/16,Centro Ricerche ed Alta Formazione Creaf srl Anticipazione finanziaria Accertamento interessi attivi su anticipazione e penali al 31/03/2016,https://albopretorio.provincia.prato.it/visualizza-dettagli.php?id_albo=201600645,Albo Pretorio,Provincia di Prato,https://archive.org/details/1243530202817.pdf,
13/05/16,"Servizio Affari Legali  Ricorso al Tar Toscana CITEP/PROVINCIA DI PRATO, CREAF  Liquidazione acconto a favore dell\'Avv.  Mauro Giovannelli Studio legale Giovannelli e Associati",https://albopretorio.provincia.prato.it/visualizza-dettagli.php?id_albo=201600875,Albo Pretorio,Provincia di Prato,https://archive.org/details/1243530205540.pdf,
30/5/16,Rapporto generale di monitoraggio strategico 2014. Approvazione.Decisione n. 6 del 04/05/2015 - Allegato: A - RAPPORTO DI MONITORAGGIO:... Azione 1.2.5.5 Svolgimento di un programma di attività concordato con Creaf srl nell'ambito del Centro di ricerca italo-cinese. ...                  Tipo pubblicazione: Atto soggetto a pubblicazione su Banca Dati (PBD),http://www.regione.toscana.it/bancadati/atti/DettaglioAttiG.xml?codprat=2016DG00000000535,Atti della Giunta Regionale,Regione Toscana,,
27/6/16,Rapporto generale di monitoraggio strategico 2014. Approvazione.Decisione n. 6 del 04/05/2015 - Allegato: A - RAPPORTO DI MONITORAGGIO:... Azione 1.2.5.5 Svolgimento di un programma di attività concordato con Creaf srl nell'ambito del Centro di ricerca italo-cinese. ...                  Tipo pubblicazione: Atto soggetto a pubblicazione su Banca Dati (PBD),http://www.regione.toscana.it/bancadati/atti/DettaglioAttiG.xml?codprat=2016DG00000000825,Atti della Giunta Regionale,Regione Toscana,,
06/07/16,Centro Ricerche ed Alta Formazione Creaf srl Anticipazione Finanziaria Accertamento interessi attivi su anticipazione e penali al 30/06/2016,https://albopretorio.provincia.prato.it/visualizza-dettagli.php?id_albo=201601207,Albo Pretorio,Provincia di Prato,https://archive.org/details/1243530208895.pdf,
09/08/16,"Servizio Affari Legali  Ricorso al Tar Toscana CITEP/PROVINCIA DI PRATO, CREAF  Liquidazione saldo a favore dell\'Avv.  Mauro Giovannelli Studio legale Giovannelli e Associati.",https://albopretorio.provincia.prato.it/visualizza-dettagli.php?id_albo=201601334,Albo Pretorio,Provincia di Prato,https://archive.org/details/1243530210751.pdf,
15/9/16,"Creaf, i gruppi Pd, M5S e FI hanno ritirato le mozioni",http://comunicati.comune.prato.it/generali/?action=dettaglio&comunicato=14201600001250,Comunicati Stampa,Comune di Prato,,
15/9/16,"Creaf, il sindaco Biffoni relaziona al consiglio comunale",http://comunicati.comune.prato.it/generali/?action=dettaglio&comunicato=14201600001248,Comunicati Stampa,Comune di Prato,,
13/10/16,Centro Ricerche ed Alta formazione Creaf srl Anticipazione finanziaria Accertamento Interessi attivi su anticipazione e penali al 30/09/2016,https://albopretorio.provincia.prato.it/visualizza-dettagli.php?id_albo=201601582,Albo Pretorio,Provincia di Prato,https://archive.org/details/1243530214120.pdf,
21/10/16,Società partecipate – anno 2016,https://trasparenza.provincia.prato.it/wp-content/uploads/2016/10/CREAF_2016.pdf,Amministrazione Trasparente,Provincia di Prato,https://archive.org/details/CREAF_2016.pdf,
2/12/16,Centro ricerche ed alta formazione Creaf srl Anticipazione finanziaria Accertamento interessi attivi su anticipazione e penali al 31/12/2016,https://albopretorio.provincia.prato.it/visualizza-dettagli.php?id_albo=201601990,Albo Pretorio,Provincia di Prato,https://archive.org/details/1243530219152.pdf,
2/3/17,"Creaf, il sindaco Biffoni interviene in Consiglio comunale",http://comunicati.comune.prato.it/generali/?action=dettaglio&comunicato=14201700000284,Comunicati Stampa,Comune di Prato,,
21/03/17,Centro ricerche ed alta formazione Creaf srl Anticipazione finanziaria Accertamento interessi attivi su anticipazione e penali dal 01/01/2017 al 21/02/2017 (data dichiarazione fallimento 22/02/2017),https://albopretorio.provincia.prato.it/visualizza-dettagli.php?id_albo=201700382,Albo Pretorio,Provincia di Prato,https://archive.org/details/1243530227452.pdf,
3/4/17,Rapporto generale di monitoraggio strategico 2014. Approvazione.Decisione n. 6 del 04/05/2015 - Allegato: A - RAPPORTO DI MONITORAGGIO:... Azione 1.2.5.5 Svolgimento di un programma di attività concordato con Creaf srl nell'ambito del Centro di ricerca italo-cinese. ...                  Tipo pubblicazione: Atto soggetto a pubblicazione su Banca Dati (PBD),http://www.regione.toscana.it/bancadati/atti/DettaglioAttiG.xml?codprat=2017DG00000000391,Atti della Giunta Regionale,Regione Toscana,,
18/4/17,Rapporto generale di monitoraggio strategico 2014. Approvazione.Decisione n. 6 del 04/05/2015 - Allegato: A - RAPPORTO DI MONITORAGGIO:... Azione 1.2.5.5 Svolgimento di un programma di attività concordato con Creaf srl nell'ambito del Centro di ricerca italo-cinese. ...                  Tipo pubblicazione: Atto soggetto a pubblicazione su Banca Dati (PBD),http://www.regione.toscana.it/bancadati/atti/DettaglioAttiG.xml?codprat=2017DG00000000498,Atti della Giunta Regionale,Regione Toscana,,
2/5/17,Rapporto generale di monitoraggio strategico 2014. Approvazione.Decisione n. 6 del 04/05/2015 - Allegato: A - RAPPORTO DI MONITORAGGIO:... Azione 1.2.5.5 Svolgimento di un programma di attività concordato con Creaf srl nell'ambito del Centro di ricerca italo-cinese. ...                  Tipo pubblicazione: Atto soggetto a pubblicazione su Banca Dati (PBD),http://www.regione.toscana.it/bancadati/atti/DettaglioAttiG.xml?codprat=2017DG00000000555,Atti della Giunta Regionale,Regione Toscana,,
5/6/17,Bilancio di Previsione finanziario 2017 - 2019. Prima variazioneProposta di legge n. 24 del 05/06/2017 - Allegato: G - RELAZIONE ILLUSTRATIVA:... risoluzione della procedura concorsuale del Centro Ricerche per l'Alta Formazione (CReAF) nell'ambito del Programma 01 ...                  Tipo pubblicazione: Atto soggetto a pubblicazione su Banca Dati (PBD),http://www.regione.toscana.it/bancadati/atti/DettaglioAttiG.xml?codprat=2017DG00000000756,Atti della Giunta Regionale,Regione Toscana,,
5/6/17,Bilancio di Previsione finanziario 2017 - 2019. Prima variazioneProposta di legge n. 24 del 05/06/2017 - Allegato: G - RELAZIONE ILLUSTRATIVA:... risoluzione della procedura concorsuale del Centro Ricerche per l'Alta Formazione (CReAF) nell'ambito del Programma 01 ...                  Tipo pubblicazione: Atto soggetto a pubblicazione su Banca Dati (PBD),http://www.regione.toscana.it/bancadati/atti/DettaglioAttiG.xml?codprat=2017DG00000000760,Atti della Giunta Regionale,Regione Toscana,,
7/8/17,Bilancio di Previsione finanziario 2017 - 2019. Prima variazioneProposta di legge n. 24 del 05/06/2017 - Allegato: G - RELAZIONE ILLUSTRATIVA:... risoluzione della procedura concorsuale del Centro Ricerche per l'Alta Formazione (CReAF) nell'ambito del Programma 01 ...                  Tipo pubblicazione: Atto soggetto a pubblicazione su Banca Dati (PBD),http://www.regione.toscana.it/bancadati/atti/DettaglioAttiG.xml?codprat=2017DG00000001070,Atti della Giunta Regionale,Regione Toscana,,
15/9/17,Rinviato a data da destinarsi il consiglio comunale straordinario su Creaf,http://comunicati.comune.prato.it/generali/?action=dettaglio&comunicato=14201700001177,Comunicati Stampa,Comune di Prato,,
30/10/17,Società partecipate – anno 2017,https://trasparenza.provincia.prato.it/wp-content/uploads/2017/10/CREAF_2017.pdf,Amministrazione Trasparente,Provincia di Prato,https://archive.org/details/CREAF_2017.pdf,
13/11/17,Bilancio di Previsione finanziario 2017 - 2019. Prima variazioneProposta di legge n. 24 del 05/06/2017 - Allegato: G - RELAZIONE ILLUSTRATIVA:... risoluzione della procedura concorsuale del Centro Ricerche per l'Alta Formazione (CReAF) nell'ambito del Programma 01 ...                  Tipo pubblicazione: Atto soggetto a pubblicazione su Banca Dati (PBD),http://www.regione.toscana.it/bancadati/atti/DettaglioAttiG.xml?codprat=2017DG00000001482,Atti della Giunta Regionale,Regione Toscana,,
20/11/17,"Nota di aggiornamento al DEFR 2018. ApprovazioneProposta di deliberazione al C.R. n. 41 del 20/11/2017 - Allegato: 1B - alleg 1b report di monitoraggio:Allegato 1b REGIONE TOSCANA GIUNTA REGIONALE RAPPORTO GENERALE DI MONITORAGGIO STRATEGICO 2017 (LR 1/2015, art. ...                  Tipo pubblicazione: Atto soggetto a pubblicazione su Banca Dati (PBD)      ",http://www.regione.toscana.it/bancadati/atti/DettaglioAttiG.xml?codprat=2017DG00000001521,Atti della Giunta Regionale,Regione Toscana,,
11/12/17,"Nota di aggiornamento al DEFR 2018. ApprovazioneProposta di deliberazione al C.R. n. 41 del 20/11/2017 - Allegato: 1B - alleg 1b report di monitoraggio:Allegato 1b REGIONE TOSCANA GIUNTA REGIONALE RAPPORTO GENERALE DI MONITORAGGIO STRATEGICO 2017 (LR 1/2015, art. ...                  Tipo pubblicazione: Atto soggetto a pubblicazione su Banca Dati (PBD)      ",http://www.regione.toscana.it/bancadati/atti/DettaglioAttiG.xml?codprat=2017DG00000001683,Atti della Giunta Regionale,Regione Toscana,,
8/1/18,"Nota di aggiornamento al DEFR 2018. ApprovazioneProposta di deliberazione al C.R. n. 41 del 20/11/2017 - Allegato: 1B - alleg 1b report di monitoraggio:Allegato 1b REGIONE TOSCANA GIUNTA REGIONALE RAPPORTO GENERALE DI MONITORAGGIO STRATEGICO 2017 (LR 1/2015, art. ...                  Tipo pubblicazione: Atto soggetto a pubblicazione su Banca Dati (PBD)      ",http://www.regione.toscana.it/bancadati/atti/DettaglioAttiG.xml?codprat=2018DG00000001835,Atti della Giunta Regionale,Regione Toscana,,
9/4/18,"Nota di aggiornamento al DEFR 2018. ApprovazioneProposta di deliberazione al C.R. n. 41 del 20/11/2017 - Allegato: 1B - alleg 1b report di monitoraggio:Allegato 1b REGIONE TOSCANA GIUNTA REGIONALE RAPPORTO GENERALE DI MONITORAGGIO STRATEGICO 2017 (LR 1/2015, art. ...                  Tipo pubblicazione: Atto soggetto a pubblicazione su Banca Dati (PBD)      ",http://www.regione.toscana.it/bancadati/atti/DettaglioAttiG.xml?codprat=2018DG00000000476,Atti della Giunta Regionale,Regione Toscana,,
24/4/18,"Nota di aggiornamento al DEFR 2018. ApprovazioneProposta di deliberazione al C.R. n. 41 del 20/11/2017 - Allegato: 1B - alleg 1b report di monitoraggio:Allegato 1b REGIONE TOSCANA GIUNTA REGIONALE RAPPORTO GENERALE DI MONITORAGGIO STRATEGICO 2017 (LR 1/2015, art. ...                  Tipo pubblicazione: Atto soggetto a pubblicazione su Banca Dati (PBD)      ",http://www.regione.toscana.it/bancadati/atti/DettaglioAttiG.xml?codprat=2018DG00000000526,Atti della Giunta Regionale,Regione Toscana,,